filename,num_droplets,total_area
Img000000.tif,49,4755
Img000001.tif,47,3957
Img000002.tif,44,4018
Img000003.tif,56,5349
Img000004.tif,46,3049
Img000005.tif,50,1914
Img000006.tif,66,4728
Img000007.tif,59,3674
Img000008.tif,67,5291
Img000009.tif,62,4607
Img000010.tif,66,4752
Img000011.tif,51,2880
Img000012.tif,71,8784
Img000013.tif,70,7011
Img000014.tif,71,4783
Img000015.tif,75,5323
Img000016.tif,60,2858
Img000017.tif,41,4544
Img000018.tif,42,2317
Img000019.tif,37,2533
Img000020.tif,59,4362
Img000021.tif,60,4909
Img000022.tif,52,4137
Img000023.tif,56,3913
Img000024.tif,57,2981
Img000025.tif,46,2927
Img000026.tif,62,4829
Img000027.tif,77,5367
Img000028.tif,71,4556
Img000029.tif,69,4886
Img000030.tif,56,4131
